bioguide_id,full_name,aipac_featured,dmfi_website,aipac_direct_amount,aipac_earmark_amount,aipac_ie_support,aipac_ie_against_opp,aipac_ie_total,aipac_total,dmfi_direct,dmfi_earmark,dmfi_ie_support,dmfi_ie_against_opp,dmfi_ie_total,dmfi_total,aipac_supported,dmfi_supported
A000055,"Aderholt, Robert B.",1,0,5000.0,29804.0,0.0,0.0,0.0,34804.0,0.0,0.0,0.0,0.0,0.0,0.0,1,0
A000148,"Auchincloss, Jake",1,1,10000.0,434480.0,0.0,0.0,0.0,444480.0,0.0,0.0,0.0,0.0,0.0,0.0,1,1
A000369,"Amodei, Mark E.",1,0,10000.0,3750.0,0.0,0.0,0.0,13750.0,0.0,0.0,0.0,0.0,0.0,0.0,1,0
A000370,"Adams, Alma S.",0,0,0.0,0.0,0.0,0.0,0.0,0.0,0.0,0.0,0.0,0.0,0.0,0.0,0,0
A000371,"Aguilar, Pete",1,1,10000.0,610898.0,0.0,0.0,0.0,620898.0,2000.0,0.0,0.0,0.0,0.0,2000.0,1,1
A000372,"Allen, Rick W.",1,0,10000.0,15550.0,0.0,0.0,0.0,25550.0,0.0,0.0,0.0,0.0,0.0,0.0,1,0
A000375,"Arrington, Jodey C.",1,0,10000.0,12358.0,0.0,0.0,0.0,22358.0,0.0,0.0,0.0,0.0,0.0,0.0,1,0
A000379,"Alford, Mark",1,0,5000.0,6000.0,0.0,0.0,0.0,11000.0,0.0,0.0,0.0,0.0,0.0,0.0,1,0
A000380,"Amo, Gabe",1,1,15000.0,67963.0,0.0,0.0,0.0,82963.0,1000.0,0.0,2800.0,0.0,2800.0,3800.0,1,1
A000381,"Ansari, Yassamin",0,1,0.0,11450.0,0.0,0.0,0.0,11450.0,5000.0,0.0,464943.0,166539.0,631482.0,636482.0,1,1
A000382,"Alsobrooks, Angela D.",0,1,0.0,3225.0,0.0,0.0,0.0,3225.0,2000.0,0.0,4250.0,0.0,4250.0,6250.0,1,1
B000490,"Bishop, Sanford D.",0,1,10000.0,4250.0,0.0,0.0,0.0,14250.0,0.0,0.0,0.0,0.0,0.0,0.0,1,1
B000668,"Bentz, Cliff",0,0,5000.0,750.0,0.0,0.0,0.0,5750.0,0.0,0.0,0.0,0.0,0.0,0.0,1,0
B000740,"Bice, Stephanie I.",1,0,10000.0,10074.0,0.0,0.0,0.0,20074.0,0.0,0.0,0.0,0.0,0.0,0.0,1,0
B000825,"Boebert, Lauren",0,0,0.0,0.0,0.0,0.0,0.0,0.0,0.0,0.0,0.0,0.0,0.0,0.0,0,0
B001230,"Baldwin, Tammy",0,0,0.0,1175.0,0.0,0.0,0.0,1175.0,0.0,0.0,0.0,0.0,0.0,0.0,1,0
B001236,"Boozman, John",0,0,0.0,0.0,0.0,0.0,0.0,0.0,0.0,0.0,0.0,0.0,0.0,0.0,0,0
B001243,"Blackburn, Marsha",0,0,10000.0,293547.0,0.0,0.0,0.0,303547.0,0.0,0.0,0.0,0.0,0.0,0.0,1,0
B001257,"Bilirakis, Gus M.",1,0,10000.0,9250.0,0.0,0.0,0.0,19250.0,0.0,0.0,0.0,0.0,0.0,0.0,1,0
B001260,"Buchanan, Vern",1,0,10000.0,14000.0,0.0,0.0,0.0,24000.0,0.0,0.0,0.0,0.0,0.0,0.0,1,0
B001261,"Barrasso, John",0,0,6000.0,0.0,0.0,0.0,0.0,6000.0,0.0,0.0,0.0,0.0,0.0,0.0,1,0
B001267,"Bennet, Michael F.",0,1,0.0,0.0,0.0,0.0,0.0,0.0,0.0,0.0,0.0,0.0,0.0,0.0,0,1
B001277,"Blumenthal, Richard",0,0,0.0,0.0,0.0,0.0,0.0,0.0,0.0,0.0,0.0,0.0,0.0,0.0,0,0
B001278,"Bonamici, Suzanne",0,0,1000.0,1000.0,0.0,0.0,0.0,2000.0,0.0,0.0,0.0,0.0,0.0,0.0,1,0
B001281,"Beatty, Joyce",1,1,5000.0,40050.0,0.0,0.0,0.0,45050.0,2000.0,0.0,1320.0,0.0,1320.0,3320.0,1,1
B001282,"Barr, Andy",1,0,10000.0,130097.0,0.0,0.0,0.0,140097.0,0.0,0.0,0.0,0.0,0.0,0.0,1,0
B001285,"Brownley, Julia",1,0,10000.0,23622.0,0.0,0.0,0.0,33622.0,0.0,0.0,0.0,0.0,0.0,0.0,1,0
B001287,"Bera, Ami",0,1,0.0,34069.0,0.0,0.0,0.0,34069.0,0.0,0.0,0.0,0.0,0.0,0.0,1,1
B001288,"Booker, Cory A.",1,1,0.0,0.0,0.0,0.0,0.0,0.0,0.0,0.0,0.0,0.0,0.0,0.0,1,1
B001291,"Babin, Brian",1,0,6000.0,3500.0,0.0,0.0,0.0,9500.0,0.0,0.0,0.0,0.0,0.0,0.0,1,0
B001292,"Beyer, Donald S.",0,0,0.0,0.0,0.0,0.0,0.0,0.0,0.0,0.0,0.0,0.0,0.0,0.0,0,0
B001295,"Bost, Mike",1,0,10000.0,46270.0,0.0,0.0,0.0,56270.0,0.0,0.0,0.0,0.0,0.0,0.0,1,0
B001296,"Boyle, Brendan F.",1,1,10000.0,190678.0,0.0,0.0,0.0,200678.0,0.0,0.0,2500.0,0.0,2500.0,2500.0,1,1
B001298,"Bacon, Don",1,0,10000.0,687837.0,0.0,0.0,0.0,697837.0,0.0,0.0,0.0,0.0,0.0,0.0,1,0
B001299,"Banks, Jim",0,0,0.0,205242.0,0.0,0.0,0.0,205242.0,0.0,0.0,0.0,0.0,0.0,0.0,1,0
B001300,"Barragán, Nanette Diaz",0,0,0.0,0.0,0.0,0.0,0.0,0.0,0.0,0.0,0.0,0.0,0.0,0.0,0,0
B001301,"Bergman, Jack",1,0,10000.0,17250.0,0.0,0.0,0.0,27250.0,0.0,0.0,0.0,0.0,0.0,0.0,1,0
B001302,"Biggs, Andy",0,0,0.0,800.0,0.0,0.0,0.0,800.0,0.0,0.0,0.0,0.0,0.0,0.0,1,0
B001303,"Blunt Rochester, Lisa",0,0,0.0,1000.0,0.0,0.0,0.0,1000.0,0.0,0.0,0.0,0.0,0.0,0.0,1,0
B001305,"Budd, Ted",0,0,0.0,0.0,0.0,0.0,0.0,0.0,0.0,0.0,0.0,0.0,0.0,0.0,0,0
B001306,"Balderson, Troy",1,0,5000.0,21550.0,0.0,0.0,0.0,26550.0,0.0,0.0,0.0,0.0,0.0,0.0,1,0
B001307,"Baird, James R.",1,0,5000.0,500.0,0.0,0.0,0.0,5500.0,0.0,0.0,0.0,0.0,0.0,0.0,1,0
B001309,"Burchett, Tim",0,0,5000.0,5834.0,0.0,0.0,0.0,10834.0,0.0,0.0,0.0,0.0,0.0,0.0,1,0
B001313,"Brown, Shontel M.",1,0,10000.0,103620.0,-2632.0,0.0,-2632.0,110988.0,1000.0,0.0,2865.0,0.0,2865.0,3865.0,1,1
B001314,"Bean, Aaron",1,0,10000.0,10374.0,0.0,0.0,0.0,20374.0,0.0,0.0,0.0,0.0,0.0,0.0,1,0
B001315,"Budzinski, Nikki",1,1,5000.0,35704.0,0.0,0.0,0.0,40704.0,5000.0,0.0,2800.0,0.0,2800.0,7800.0,1,1
B001316,"Burlison, Eric",1,0,7000.0,2250.0,0.0,0.0,0.0,9250.0,0.0,0.0,0.0,0.0,0.0,0.0,1,0
B001317,"Brecheen, Josh",1,0,10000.0,11000.0,0.0,0.0,0.0,21000.0,0.0,0.0,0.0,0.0,0.0,0.0,1,0
B001318,"Balint, Becca",0,0,0.0,0.0,0.0,0.0,0.0,0.0,0.0,0.0,0.0,0.0,0.0,0.0,0,0
B001319,"Britt, Katie Boyd",0,0,0.0,0.0,0.0,0.0,0.0,0.0,0.0,0.0,0.0,0.0,0.0,0.0,0,0
B001321,"Barrett, Tom",0,0,0.0,0.0,0.0,0.0,0.0,0.0,0.0,0.0,0.0,0.0,0.0,0.0,0,0
B001322,"Baumgartner, Michael",1,0,0.0,250.0,0.0,0.0,0.0,250.0,0.0,0.0,0.0,0.0,0.0,0.0,1,0
B001323,"Begich, Nicholas J.",0,0,0.0,0.0,0.0,0.0,0.0,0.0,0.0,0.0,0.0,0.0,0.0,0.0,0,0
B001324,"Bell, Wesley",1,1,5000.0,2550095.0,3356270.0,5242242.0,8598512.0,11153607.0,5000.0,0.0,477753.0,0.0,477753.0,482753.0,1,1
B001325,"Biggs, Sheri",0,0,10000.0,0.0,0.0,0.0,0.0,10000.0,0.0,0.0,0.0,0.0,0.0,0.0,1,0
B001326,"Bynum, Janelle S.",0,1,0.0,100.0,0.0,0.0,0.0,100.0,8000.0,0.0,0.0,94901.0,94901.0,102901.0,1,1
B001327,"Bresnahan, Robert P.",1,0,0.0,0.0,0.0,0.0,0.0,0.0,0.0,0.0,0.0,0.0,0.0,0.0,1,0
C000059,"Calvert, Ken",1,0,10000.0,610597.0,0.0,0.0,0.0,620597.0,0.0,0.0,0.0,0.0,0.0,0.0,1,0
C000127,"Cantwell, Maria",0,0,0.0,219250.0,0.0,0.0,0.0,219250.0,0.0,0.0,0.0,0.0,0.0,0.0,1,0
C000537,"Clyburn, James E.",0,0,5000.0,9350.0,0.0,0.0,0.0,14350.0,1000.0,0.0,0.0,0.0,0.0,1000.0,1,1
C000880,"Crapo, Mike",0,0,0.0,0.0,0.0,0.0,0.0,0.0,0.0,0.0,0.0,0.0,0.0,0.0,0,0
C001035,"Collins, Susan M.",1,0,0.0,0.0,0.0,0.0,0.0,0.0,0.0,0.0,0.0,0.0,0.0,0.0,1,0
C001039,"Cammack, Kat",1,0,10000.0,15360.0,0.0,0.0,0.0,25360.0,0.0,0.0,0.0,0.0,0.0,0.0,1,0
C001047,"Capito, Shelley Moore",1,0,0.0,0.0,0.0,0.0,0.0,0.0,0.0,0.0,0.0,0.0,0.0,0.0,1,0
C001051,"Carter, John R.",1,0,5000.0,13500.0,0.0,0.0,0.0,18500.0,0.0,0.0,0.0,0.0,0.0,0.0,1,0
C001053,"Cole, Tom",1,0,10000.0,542806.0,0.0,0.0,0.0,552806.0,0.0,0.0,0.0,0.0,0.0,0.0,1,0
C001055,"Case, Ed",1,0,5000.0,0.0,0.0,0.0,0.0,5000.0,0.0,0.0,0.0,0.0,0.0,0.0,1,0
C001056,"Cornyn, John",1,0,0.0,0.0,0.0,0.0,0.0,0.0,0.0,0.0,0.0,0.0,0.0,0.0,1,0
C001059,"Costa, Jim",1,1,15000.0,121472.0,0.0,0.0,0.0,136472.0,0.0,0.0,0.0,0.0,0.0,0.0,1,1
C001061,"Cleaver, Emanuel",0,0,10000.0,0.0,0.0,0.0,0.0,10000.0,0.0,0.0,0.0,0.0,0.0,0.0,1,0
C001063,"Cuellar, Henry",0,0,10000.0,38600.0,-15369.0,0.0,-15369.0,33231.0,0.0,0.0,0.0,0.0,0.0,0.0,1,0
C001066,"Castor, Kathy",1,1,10000.0,13960.0,0.0,0.0,0.0,23960.0,0.0,0.0,0.0,0.0,0.0,0.0,1,1
C001067,"Clarke, Yvette D.",1,0,1000.0,8850.0,0.0,0.0,0.0,9850.0,0.0,0.0,0.0,0.0,0.0,0.0,1,0
C001068,"Cohen, Steve",0,0,0.0,0.0,0.0,0.0,0.0,0.0,0.0,0.0,0.0,0.0,0.0,0.0,0,0
C001069,"Courtney, Joe",0,0,6000.0,5925.0,0.0,0.0,0.0,11925.0,0.0,0.0,0.0,0.0,0.0,0.0,1,0
C001072,"Carson, André",0,0,0.0,0.0,0.0,0.0,0.0,0.0,0.0,0.0,0.0,0.0,0.0,0.0,0,0
C001075,"Cassidy, Bill",1,0,0.0,0.0,0.0,0.0,0.0,0.0,0.0,0.0,0.0,0.0,0.0,0.0,1,0
C001080,"Chu, Judy",0,0,0.0,0.0,0.0,0.0,0.0,0.0,0.0,0.0,0.0,0.0,0.0,0.0,0,0
C001087,"Crawford, Eric A. ""Rick""",0,0,0.0,0.0,0.0,0.0,0.0,0.0,0.0,0.0,0.0,0.0,0.0,0.0,0,0
C001088,"Coons, Christopher A.",1,0,0.0,0.0,0.0,0.0,0.0,0.0,0.0,0.0,0.0,0.0,0.0,0.0,1,0
C001091,"Castro, Joaquin",0,0,0.0,0.0,0.0,0.0,0.0,0.0,0.0,0.0,0.0,0.0,0.0,0.0,0,0
C001095,"Cotton, Tom",1,0,0.0,0.0,0.0,0.0,0.0,0.0,0.0,0.0,0.0,0.0,0.0,0.0,1,0
C001096,"Cramer, Kevin",0,0,5000.0,246927.0,0.0,0.0,0.0,251927.0,0.0,0.0,0.0,0.0,0.0,0.0,1,0
C001098,"Cruz, Ted",0,0,10000.0,552593.0,0.0,0.0,0.0,562593.0,0.0,0.0,0.0,0.0,0.0,0.0,1,0
C001101,"Clark, Katherine M.",1,1,5000.0,366347.0,0.0,0.0,0.0,371347.0,0.0,0.0,0.0,0.0,0.0,0.0,1,1
C001103,"Carter, Earl L. ""Buddy""",0,0,0.0,0.0,0.0,0.0,0.0,0.0,0.0,0.0,0.0,0.0,0.0,0.0,0,0
C001108,"Comer, James",1,0,10000.0,8400.0,0.0,0.0,0.0,18400.0,0.0,0.0,0.0,0.0,0.0,0.0,1,0
C001110,"Correa, J. Luis",0,0,0.0,0.0,0.0,0.0,0.0,0.0,0.0,0.0,0.0,0.0,0.0,0.0,0,0
C001112,"Carbajal, Salud O.",0,0,0.0,0.0,0.0,0.0,0.0,0.0,0.0,0.0,0.0,0.0,0.0,0.0,0,0
C001113,"Cortez Masto, Catherine",0,1,0.0,0.0,0.0,0.0,0.0,0.0,0.0,0.0,0.0,0.0,0.0,0.0,0,1
C001114,"Curtis, John R.",0,0,10000.0,78400.0,0.0,0.0,0.0,88400.0,0.0,0.0,0.0,0.0,0.0,0.0,1,0
C001115,"Cloud, Michael",0,0,10000.0,13001.0,0.0,0.0,0.0,23001.0,0.0,0.0,0.0,0.0,0.0,0.0,1,0
C001116,"Clyde, Andrew S.",0,0,0.0,0.0,0.0,0.0,0.0,0.0,0.0,0.0,0.0,0.0,0.0,0.0,0,0
C001117,"Casten, Sean",0,1,0.0,0.0,0.0,0.0,0.0,0.0,0.0,0.0,0.0,0.0,0.0,0.0,0,1
C001118,"Cline, Ben",1,0,10000.0,12501.0,0.0,0.0,0.0,22501.0,0.0,0.0,0.0,0.0,0.0,0.0,1,0
C001119,"Craig, Angie",1,1,5000.0,322675.0,0.0,0.0,0.0,327675.0,5000.0,0.0,1060.0,0.0,1060.0,6060.0,1,1
C001120,"Crenshaw, Dan",1,0,10000.0,44118.0,0.0,0.0,0.0,54118.0,0.0,0.0,0.0,0.0,0.0,0.0,1,0
C001121,"Crow, Jason",0,1,0.0,2350.0,0.0,0.0,0.0,2350.0,0.0,0.0,0.0,0.0,0.0,0.0,1,1
C001123,"Cisneros, Gilbert Ray",1,0,5000.0,21100.0,0.0,0.0,0.0,26100.0,1000.0,0.0,0.0,0.0,0.0,1000.0,1,1
C001125,"Carter, Troy A.",0,0,5000.0,36350.0,0.0,0.0,0.0,41350.0,0.0,0.0,0.0,0.0,0.0,0.0,1,0
C001126,"Carey, Mike",1,0,10000.0,24150.0,0.0,0.0,0.0,34150.0,0.0,0.0,0.0,0.0,0.0,0.0,1,0
C001127,"Cherfilus-McCormick, Sheila",0,1,10000.0,113388.0,0.0,0.0,0.0,123388.0,1000.0,0.0,0.0,0.0,0.0,1000.0,1,1
C001129,"Collins, Mike",1,0,0.0,0.0,0.0,0.0,0.0,0.0,0.0,0.0,0.0,0.0,0.0,0.0,1,0
C001130,"Crockett, Jasmine",0,0,0.0,0.0,0.0,0.0,0.0,0.0,0.0,0.0,0.0,0.0,0.0,0.0,0,0
C001131,"Casar, Greg",0,0,0.0,0.0,0.0,0.0,0.0,0.0,0.0,0.0,0.0,0.0,0.0,0.0,0,0
C001132,"Crane, Elijah",0,0,0.0,0.0,0.0,0.0,0.0,0.0,0.0,0.0,0.0,0.0,0.0,0.0,0,0
C001133,"Ciscomani, Juan",1,0,10000.0,608522.0,0.0,0.0,0.0,618522.0,0.0,0.0,0.0,0.0,0.0,0.0,1,0
C001136,"Conaway, Herbert C.",0,0,5000.0,13001.0,0.0,0.0,0.0,18001.0,1000.0,0.0,0.0,0.0,0.0,1000.0,1,1
C001137,"Crank, Jeff",1,0,5000.0,1000.0,0.0,0.0,0.0,6000.0,0.0,0.0,0.0,0.0,0.0,0.0,1,0
D000032,"Donalds, Byron",1,0,10000.0,4560.0,0.0,0.0,0.0,14560.0,0.0,0.0,0.0,0.0,0.0,0.0,1,0
D000096,"Davis, Danny K.",0,0,0.0,0.0,0.0,487329.0,487329.0,487329.0,0.0,0.0,0.0,0.0,0.0,0.0,1,0
D000197,"DeGette, Diana",0,0,0.0,0.0,0.0,0.0,0.0,0.0,0.0,0.0,0.0,0.0,0.0,0.0,0,0
D000216,"DeLauro, Rosa L.",1,0,5000.0,5300.0,0.0,0.0,0.0,10300.0,0.0,0.0,0.0,0.0,0.0,0.0,1,0
D000230,"Davis, Donald G.",1,0,5000.0,532110.0,-2873.0,0.0,-2873.0,534237.0,8000.0,0.0,0.0,39644.0,39644.0,47644.0,1,1
D000399,"Doggett, Lloyd",0,0,0.0,0.0,0.0,0.0,0.0,0.0,0.0,0.0,0.0,0.0,0.0,0.0,0,0
D000530,"Deluzio, Christopher R.",0,0,5000.0,32900.0,0.0,0.0,0.0,37900.0,5000.0,0.0,1430.0,0.0,1430.0,6430.0,1,1
D000563,"Durbin, Richard J.",0,0,0.0,0.0,0.0,0.0,0.0,0.0,0.0,0.0,0.0,0.0,0.0,0.0,0,0
D000594,"De La Cruz, Monica",0,0,10000.0,47406.0,0.0,0.0,0.0,57406.0,0.0,0.0,0.0,0.0,0.0,0.0,1,0
D000600,"Diaz-Balart, Mario",0,0,10000.0,470227.0,0.0,0.0,0.0,480227.0,0.0,0.0,0.0,0.0,0.0,0.0,1,0
D000616,"DesJarlais, Scott",0,0,0.0,0.0,0.0,0.0,0.0,0.0,0.0,0.0,0.0,0.0,0.0,0.0,0,0
D000617,"DelBene, Suzan K.",1,1,5000.0,118400.0,0.0,0.0,0.0,123400.0,0.0,0.0,0.0,0.0,0.0,0.0,1,1
D000618,"Daines, Steve",1,0,0.0,0.0,0.0,0.0,0.0,0.0,0.0,0.0,0.0,0.0,0.0,0.0,1,0
D000622,"Duckworth, Tammy",0,0,0.0,0.0,0.0,0.0,0.0,0.0,0.0,0.0,0.0,0.0,0.0,0.0,0,0
D000623,"DeSaulnier, Mark",0,0,0.0,0.0,0.0,0.0,0.0,0.0,0.0,0.0,0.0,0.0,0.0,0.0,0,0
D000624,"Dingell, Debbie",0,0,0.0,0.0,0.0,0.0,0.0,0.0,0.0,0.0,0.0,0.0,0.0,0.0,0,0
D000626,"Davidson, Warren",0,0,0.0,0.0,0.0,0.0,0.0,0.0,0.0,0.0,0.0,0.0,0.0,0.0,0,0
D000628,"Dunn, Neal P.",1,0,10000.0,13608.0,0.0,0.0,0.0,23608.0,0.0,0.0,0.0,0.0,0.0,0.0,1,0
D000629,"Davids, Sharice",0,1,10000.0,26504.0,0.0,0.0,0.0,36504.0,3000.0,0.0,0.0,0.0,0.0,3000.0,1,1
D000631,"Dean, Madeleine",0,0,0.0,0.0,0.0,0.0,0.0,0.0,0.0,0.0,0.0,0.0,0.0,0.0,0,0
D000634,"Downing, Troy",0,0,10000.0,0.0,0.0,0.0,0.0,10000.0,0.0,0.0,0.0,0.0,0.0,0.0,1,0
D000635,"Dexter, Maxine",0,0,0.0,750.0,0.0,0.0,0.0,750.0,0.0,0.0,0.0,0.0,0.0,0.0,1,0
E000071,"Ellzey, Jake",1,0,10000.0,73008.0,0.0,0.0,0.0,83008.0,0.0,0.0,0.0,0.0,0.0,0.0,1,0
E000235,"Ezell, Mike",1,0,5000.0,0.0,0.0,0.0,0.0,5000.0,0.0,0.0,0.0,0.0,0.0,0.0,1,0
E000246,"Edwards, Chuck",1,0,10000.0,24085.0,0.0,0.0,0.0,34085.0,0.0,0.0,0.0,0.0,0.0,0.0,1,0
E000294,"Emmer, Tom",1,0,10000.0,444467.0,0.0,0.0,0.0,454467.0,0.0,0.0,0.0,0.0,0.0,0.0,1,0
E000295,"Ernst, Joni",1,0,0.0,0.0,0.0,0.0,0.0,0.0,0.0,0.0,0.0,0.0,0.0,0.0,1,0
E000296,"Evans, Dwight",0,0,0.0,0.0,0.0,0.0,0.0,0.0,0.0,0.0,0.0,0.0,0.0,0.0,0,0
E000297,"Espaillat, Adriano",1,1,10000.0,150810.0,0.0,0.0,0.0,160810.0,1000.0,0.0,0.0,0.0,0.0,1000.0,1,1
E000298,"Estes, Ron",1,0,5000.0,9750.0,0.0,0.0,0.0,14750.0,0.0,0.0,0.0,0.0,0.0,0.0,1,0
E000299,"Escobar, Veronica",0,0,0.0,0.0,0.0,0.0,0.0,0.0,0.0,0.0,0.0,0.0,0.0,0.0,0,0
E000300,"Evans, Gabe",1,0,0.0,0.0,0.0,0.0,0.0,0.0,0.0,0.0,0.0,0.0,0.0,0.0,1,0
E000301,"Elfreth, Sarah",0,1,5000.0,2000.0,4217711.0,0.0,4217711.0,4224711.0,1000.0,0.0,2125.0,0.0,2125.0,3125.0,1,1
F000110,"Fields, Cleo",0,0,0.0,0.0,0.0,0.0,0.0,0.0,0.0,0.0,0.0,0.0,0.0,0.0,0,0
F000246,"Fallon, Pat",1,0,10000.0,0.0,0.0,0.0,0.0,10000.0,0.0,0.0,0.0,0.0,0.0,0.0,1,0
F000446,"Feenstra, Randy",1,0,10000.0,0.0,0.0,0.0,0.0,10000.0,0.0,0.0,0.0,0.0,0.0,0.0,1,0
F000450,"Foxx, Virginia",1,0,10000.0,500.0,0.0,0.0,0.0,10500.0,0.0,0.0,0.0,0.0,0.0,0.0,1,0
F000454,"Foster, Bill",0,1,0.0,0.0,0.0,0.0,0.0,0.0,0.0,0.0,40851.0,0.0,40851.0,40851.0,0,1
F000459,"Fleischmann, Charles J. ""Chuck""",0,0,0.0,0.0,0.0,0.0,0.0,0.0,0.0,0.0,0.0,0.0,0.0,0.0,0,0
F000462,"Frankel, Lois",1,1,10000.0,361164.0,0.0,0.0,0.0,371164.0,3000.0,0.0,0.0,0.0,0.0,3000.0,1,1
F000463,"Fischer, Deb",0,0,10000.0,420658.0,0.0,0.0,0.0,430658.0,0.0,0.0,0.0,0.0,0.0,0.0,1,0
F000466,"Fitzpatrick, Brian K.",1,0,10000.0,273462.0,0.0,0.0,0.0,283462.0,0.0,0.0,0.0,0.0,0.0,0.0,1,0
F000468,"Fletcher, Lizzie",1,1,10000.0,114531.0,0.0,0.0,0.0,124531.0,2000.0,0.0,6727.0,3737.0,10464.0,12464.0,1,1
F000469,"Fulcher, Russ",1,0,5000.0,500.0,0.0,0.0,0.0,5500.0,0.0,0.0,0.0,0.0,0.0,0.0,1,0
F000470,"Fischbach, Michelle",1,0,5000.0,25250.0,0.0,0.0,0.0,30250.0,0.0,0.0,0.0,0.0,0.0,0.0,1,0
F000471,"Fitzgerald, Scott",1,0,5000.0,6600.0,0.0,0.0,0.0,11600.0,0.0,0.0,0.0,0.0,0.0,0.0,1,0
F000472,"Franklin, Scott",1,0,10000.0,29500.0,0.0,0.0,0.0,39500.0,0.0,0.0,0.0,0.0,0.0,0.0,1,0
F000474,"Flood, Mike",1,0,10000.0,0.0,0.0,0.0,0.0,10000.0,0.0,0.0,0.0,0.0,0.0,0.0,1,0
F000475,"Finstad, Brad",1,0,10000.0,0.0,0.0,0.0,0.0,10000.0,0.0,0.0,0.0,0.0,0.0,0.0,1,0
F000476,"Frost, Maxwell",0,0,0.0,0.0,0.0,0.0,0.0,0.0,0.0,0.0,0.0,0.0,0.0,0.0,0,0
F000477,"Foushee, Valerie P.",0,1,5000.0,5680.0,-22980.0,0.0,-22980.0,-12300.0,0.0,0.0,0.0,0.0,0.0,0.0,1,1
F000478,"Fry, Russell",1,0,10000.0,27200.0,0.0,0.0,0.0,37200.0,0.0,0.0,0.0,0.0,0.0,0.0,1,0
F000479,"Fetterman, John",0,1,0.0,1093.0,0.0,0.0,0.0,1093.0,0.0,0.0,0.0,0.0,0.0,0.0,1,1
F000480,"Fong, Vince",0,0,10000.0,0.0,0.0,0.0,0.0,10000.0,0.0,0.0,0.0,0.0,0.0,0.0,1,0
F000481,"Figures, Shomari",0,1,5000.0,31300.0,0.0,0.0,0.0,36300.0,1000.0,0.0,1400.0,0.0,1400.0,2400.0,1,1
F000482,"Fedorchak, Julie",0,0,5000.0,2000.0,0.0,0.0,0.0,7000.0,0.0,0.0,0.0,0.0,0.0,0.0,1,0
F000483,"Friedman, Laura",0,1,5000.0,2750.0,0.0,0.0,0.0,7750.0,1000.0,0.0,0.0,0.0,0.0,1000.0,1,1
F000484,"Fine, Randy",0,0,0.0,0.0,0.0,0.0,0.0,0.0,0.0,0.0,0.0,0.0,0.0,0.0,0,0
G000359,"Graham, Lindsey",1,0,0.0,0.0,0.0,0.0,0.0,0.0,0.0,0.0,0.0,0.0,0.0,0.0,1,0
G000386,"Grassley, Chuck",0,0,0.0,0.0,0.0,0.0,0.0,0.0,0.0,0.0,0.0,0.0,0.0,0.0,0,0
G000546,"Graves, Sam",1,0,0.0,0.0,0.0,0.0,0.0,0.0,0.0,0.0,0.0,0.0,0.0,0.0,1,0
G000553,"Green, Al",0,0,0.0,0.0,0.0,0.0,0.0,0.0,0.0,0.0,0.0,0.0,0.0,0.0,0,0
G000555,"Gillibrand, Kirsten E.",0,1,10000.0,470614.0,0.0,0.0,0.0,480614.0,1000.0,0.0,0.0,0.0,0.0,1000.0,1,1
G000558,"Guthrie, Brett",1,0,10000.0,1500.0,0.0,0.0,0.0,11500.0,0.0,0.0,0.0,0.0,0.0,0.0,1,0
G000559,"Garamendi, John",0,0,0.0,0.0,0.0,0.0,0.0,0.0,0.0,0.0,0.0,0.0,0.0,0.0,0,0
G000565,"Gosar, Paul A.",0,0,0.0,0.0,0.0,0.0,0.0,0.0,0.0,0.0,0.0,0.0,0.0,0.0,0,0
G000568,"Griffith, H. Morgan",0,0,0.0,0.0,0.0,0.0,0.0,0.0,0.0,0.0,0.0,0.0,0.0,0.0,0,0
G000574,"Gallego, Ruben",0,1,0.0,13630.0,0.0,0.0,0.0,13630.0,5000.0,0.0,1608.0,0.0,1608.0,6608.0,1,1
G000576,"Grothman, Glenn",1,0,10000.0,13300.0,0.0,0.0,0.0,23300.0,0.0,0.0,0.0,0.0,0.0,0.0,1,0
G000581,"Gonzalez, Vicente",1,1,6000.0,91750.0,0.0,0.0,0.0,97750.0,0.0,0.0,0.0,0.0,0.0,0.0,1,1
G000583,"Gottheimer, Josh",1,1,10000.0,787189.0,0.0,0.0,0.0,797189.0,1000.0,0.0,0.0,0.0,0.0,1000.0,1,1
G000585,"Gomez, Jimmy",1,1,10000.0,157122.0,1723988.0,576451.0,2300439.0,2467561.0,5000.0,0.0,0.0,0.0,0.0,5000.0,1,1
G000586,"García, Jesús G. ""Chuy""",0,0,0.0,0.0,0.0,0.0,0.0,0.0,0.0,0.0,0.0,0.0,0.0,0.0,0,0
G000587,"Garcia, Sylvia R.",0,0,10000.0,12333.0,0.0,0.0,0.0,22333.0,0.0,0.0,0.0,0.0,0.0,0.0,1,0
G000589,"Gooden, Lance",1,0,15000.0,0.0,0.0,0.0,0.0,15000.0,0.0,0.0,0.0,0.0,0.0,0.0,1,0
G000591,"Guest, Michael",1,0,10000.0,500.0,0.0,0.0,0.0,10500.0,0.0,0.0,0.0,0.0,0.0,0.0,1,0
G000592,"Golden, Jared F.",1,1,10000.0,555996.0,0.0,0.0,0.0,565996.0,5000.0,0.0,0.0,149600.0,149600.0,154600.0,1,1
G000593,"Gimenez, Carlos A.",0,0,10000.0,14850.0,0.0,0.0,0.0,24850.0,0.0,0.0,0.0,0.0,0.0,0.0,1,0
G000594,"Gonzales, Tony",1,0,15000.0,284102.0,0.0,1061281.0,1061281.0,1360383.0,0.0,0.0,0.0,0.0,0.0,0.0,1,0
G000596,"Greene, Marjorie Taylor",0,0,0.0,0.0,0.0,0.0,0.0,0.0,0.0,0.0,0.0,0.0,0.0,0.0,0,0
G000597,"Garbarino, Andrew R.",1,0,10000.0,83890.0,0.0,0.0,0.0,93890.0,0.0,0.0,0.0,0.0,0.0,0.0,1,0
G000598,"Garcia, Robert",0,1,0.0,10700.0,0.0,0.0,0.0,10700.0,0.0,0.0,0.0,0.0,0.0,0.0,1,1
G000599,"Goldman, Daniel S.",1,0,10000.0,184350.0,0.0,0.0,0.0,194350.0,1000.0,0.0,0.0,0.0,0.0,1000.0,1,1
G000600,"Perez, Marie Gluesenkamp",0,0,10000.0,180401.0,0.0,0.0,0.0,190401.0,5000.0,0.0,0.0,0.0,0.0,5000.0,1,1
G000601,"Goldman, Craig A.",1,0,5000.0,40350.0,0.0,0.0,0.0,45350.0,0.0,0.0,0.0,0.0,0.0,0.0,1,0
G000602,"Gillen, Laura",1,1,0.0,0.0,0.0,0.0,0.0,0.0,5000.0,0.0,11550.0,52847.0,64397.0,69397.0,1,1
G000603,"Gill, Brandon",1,0,10000.0,250.0,0.0,0.0,0.0,10250.0,0.0,0.0,0.0,0.0,0.0,0.0,1,0
G000604,"Goodlander, Maggie",0,0,10000.0,53850.0,0.0,0.0,0.0,63850.0,0.0,0.0,0.0,0.0,0.0,0.0,1,0
G000605,"Gray, Adam",0,0,0.0,50.0,0.0,0.0,0.0,50.0,0.0,0.0,0.0,0.0,0.0,0.0,1,0
H000273,"Hickenlooper, John W.",1,1,0.0,1000.0,0.0,0.0,0.0,1000.0,0.0,0.0,0.0,0.0,0.0,0.0,1,1
H000601,"Hagerty, Bill",1,0,0.0,0.0,0.0,0.0,0.0,0.0,0.0,0.0,0.0,0.0,0.0,0.0,1,0
H000874,"Hoyer, Steny H.",1,1,10000.0,231150.0,0.0,0.0,0.0,241150.0,2000.0,0.0,0.0,0.0,0.0,2000.0,1,1
H001042,"Hirono, Mazie K.",0,0,0.0,0.0,0.0,0.0,0.0,0.0,0.0,0.0,0.0,0.0,0.0,0.0,0,0
H001046,"Heinrich, Martin",0,0,0.0,0.0,0.0,0.0,0.0,0.0,0.0,0.0,0.0,0.0,0.0,0.0,0,0
H001047,"Himes, James A.",0,0,0.0,14400.0,0.0,0.0,0.0,14400.0,0.0,0.0,0.0,0.0,0.0,0.0,1,0
H001052,"Harris, Andy",0,0,10000.0,10588.0,0.0,0.0,0.0,20588.0,0.0,0.0,0.0,0.0,0.0,0.0,1,0
H001058,"Huizenga, Bill",1,0,10000.0,9100.0,0.0,0.0,0.0,19100.0,0.0,0.0,0.0,0.0,0.0,0.0,1,0
H001061,"Hoeven, John",0,0,0.0,0.0,0.0,0.0,0.0,0.0,0.0,0.0,0.0,0.0,0.0,0.0,0,0
H001066,"Horsford, Steven",1,1,10000.0,107875.0,0.0,0.0,0.0,117875.0,5000.0,0.0,0.0,0.0,0.0,5000.0,1,1
H001067,"Hudson, Richard",1,0,10000.0,112789.0,0.0,0.0,0.0,122789.0,0.0,0.0,0.0,0.0,0.0,0.0,1,0
H001068,"Huffman, Jared",0,0,0.0,0.0,0.0,0.0,0.0,0.0,0.0,0.0,0.0,0.0,0.0,0.0,0,0
H001072,"Hill, J. French",0,0,0.0,0.0,0.0,0.0,0.0,0.0,0.0,0.0,0.0,0.0,0.0,0.0,0,0
H001076,"Hassan, Margaret Wood",0,0,0.0,0.0,0.0,0.0,0.0,0.0,0.0,0.0,0.0,0.0,0.0,0.0,0,0
H001077,"Higgins, Clay",0,0,5000.0,0.0,0.0,0.0,0.0,5000.0,0.0,0.0,0.0,0.0,0.0,0.0,1,0
H001079,"Hyde-Smith, Cindy",0,0,0.0,0.0,0.0,0.0,0.0,0.0,0.0,0.0,0.0,0.0,0.0,0.0,0,0
H001081,"Hayes, Jahana",0,1,0.0,600.0,0.0,0.0,0.0,600.0,0.0,0.0,0.0,0.0,0.0,0.0,1,1
H001082,"Hern, Kevin",1,0,10000.0,21350.0,0.0,0.0,0.0,31350.0,0.0,0.0,0.0,0.0,0.0,0.0,1,0
H001085,"Houlahan, Chrissy",0,1,10000.0,25710.0,0.0,0.0,0.0,35710.0,0.0,0.0,2500.0,0.0,2500.0,2500.0,1,1
H001086,"Harshbarger, Diana",1,0,10000.0,0.0,0.0,0.0,0.0,10000.0,0.0,0.0,0.0,0.0,0.0,0.0,1,0
H001089,"Hawley, Josh",0,0,10000.0,109205.0,0.0,0.0,0.0,119205.0,0.0,0.0,0.0,0.0,0.0,0.0,1,0
H001090,"Harder, Josh",1,1,5000.0,44804.0,0.0,0.0,0.0,49804.0,0.0,0.0,0.0,0.0,0.0,0.0,1,1
H001091,"Hinson, Ashley",1,0,5000.0,18846.0,0.0,0.0,0.0,23846.0,0.0,0.0,0.0,0.0,0.0,0.0,1,0
H001093,"Houchin, Erin",1,0,5000.0,1500.0,0.0,0.0,0.0,6500.0,0.0,0.0,0.0,0.0,0.0,0.0,1,0
H001094,"Hoyle, Val T.",0,1,0.0,0.0,0.0,0.0,0.0,0.0,0.0,0.0,0.0,0.0,0.0,0.0,0,1
H001095,"Hunt, Wesley",1,0,5000.0,51724.0,0.0,0.0,0.0,56724.0,0.0,0.0,0.0,0.0,0.0,0.0,1,0
H001096,"Hageman, Harriet M.",1,0,5000.0,10500.0,0.0,0.0,0.0,15500.0,0.0,0.0,0.0,0.0,0.0,0.0,1,0
H001098,"Hamadeh, Abraham J.",0,0,0.0,3505.0,0.0,0.0,0.0,3505.0,0.0,0.0,0.0,0.0,0.0,0.0,1,0
H001099,"Haridopolos, Mike",1,0,10000.0,6668.0,0.0,0.0,0.0,16668.0,0.0,0.0,0.0,0.0,0.0,0.0,1,0
H001100,"Hurd, Jeff",1,0,0.0,0.0,0.0,0.0,0.0,0.0,0.0,0.0,0.0,0.0,0.0,0.0,1,0
H001101,"Harrigan, Pat",1,0,10000.0,750.0,0.0,0.0,0.0,10750.0,0.0,0.0,0.0,0.0,0.0,0.0,1,0
H001102,"Harris, Mark",0,0,10000.0,8250.0,0.0,0.0,0.0,18250.0,0.0,0.0,0.0,0.0,0.0,0.0,1,0
H001103,"Hernández, Pablo Jose",0,0,0.0,0.0,0.0,0.0,0.0,0.0,0.0,0.0,0.0,0.0,0.0,0.0,0,0
H001104,"Husted, Jon",0,0,0.0,0.0,0.0,0.0,0.0,0.0,0.0,0.0,0.0,0.0,0.0,0.0,0,0
I000056,"Issa, Darrell",1,0,10000.0,24222.0,0.0,0.0,0.0,34222.0,0.0,0.0,0.0,0.0,0.0,0.0,1,0
I000058,"Ivey, Glenn",1,1,10000.0,54100.0,-5521.0,0.0,-5521.0,58579.0,0.0,0.0,2125.0,0.0,2125.0,2125.0,1,1
J000288,"Johnson, Henry C. ""Hank""",0,0,0.0,0.0,0.0,0.0,0.0,0.0,0.0,0.0,0.0,0.0,0.0,0.0,0,0
J000289,"Jordan, Jim",1,0,5000.0,0.0,0.0,0.0,0.0,5000.0,0.0,0.0,0.0,0.0,0.0,0.0,1,0
J000293,"Johnson, Ron",0,0,0.0,0.0,0.0,0.0,0.0,0.0,0.0,0.0,0.0,0.0,0.0,0.0,0,0
J000294,"Jeffries, Hakeem S.",1,1,10000.0,856425.0,0.0,0.0,0.0,866425.0,2000.0,0.0,0.0,0.0,0.0,2000.0,1,1
J000295,"Joyce, David P.",0,0,10000.0,0.0,0.0,0.0,0.0,10000.0,0.0,0.0,0.0,0.0,0.0,0.0,1,0
J000298,"Jayapal, Pramila",0,0,0.0,0.0,0.0,0.0,0.0,0.0,0.0,0.0,0.0,0.0,0.0,0.0,0,0
J000299,"Johnson, Mike",1,0,10000.0,608530.0,0.0,0.0,0.0,618530.0,0.0,0.0,0.0,0.0,0.0,0.0,1,0
J000301,"Johnson, Dusty",1,0,10000.0,0.0,0.0,0.0,0.0,10000.0,0.0,0.0,0.0,0.0,0.0,0.0,1,0
J000302,"Joyce, John",0,0,0.0,0.0,0.0,0.0,0.0,0.0,0.0,0.0,0.0,0.0,0.0,0.0,0,0
J000304,"Jackson, Ronny",1,0,20000.0,9646.0,0.0,0.0,0.0,29646.0,0.0,0.0,0.0,0.0,0.0,0.0,1,0
J000305,"Jacobs, Sara",0,0,0.0,0.0,0.0,0.0,0.0,0.0,0.0,0.0,0.0,0.0,0.0,0.0,0,0
J000307,"James, John",1,0,10000.0,0.0,0.0,0.0,0.0,10000.0,0.0,0.0,0.0,0.0,0.0,0.0,1,0
J000309,"Jackson, Jonathan L.",0,0,0.0,2900.0,0.0,0.0,0.0,2900.0,0.0,0.0,0.0,0.0,0.0,0.0,1,0
J000310,"Johnson, Julie",0,1,5000.0,31510.0,0.0,0.0,0.0,36510.0,1000.0,0.0,1950.0,0.0,1950.0,2950.0,1,1
J000311,"Jack, Brian",1,0,15000.0,79752.0,0.0,0.0,0.0,94752.0,0.0,0.0,0.0,0.0,0.0,0.0,1,0
J000312,"Justice, James C.",0,0,0.0,14500.0,0.0,0.0,0.0,14500.0,0.0,0.0,0.0,0.0,0.0,0.0,1,0
K000009,"Kaptur, Marcy",0,0,0.0,0.0,0.0,0.0,0.0,0.0,0.0,0.0,0.0,0.0,0.0,0.0,0,0
K000367,"Klobuchar, Amy",0,0,5000.0,122150.0,0.0,0.0,0.0,127150.0,0.0,0.0,0.0,0.0,0.0,0.0,1,0
K000375,"Keating, William R.",1,0,10000.0,1000.0,0.0,0.0,0.0,11000.0,0.0,0.0,0.0,0.0,0.0,0.0,1,0
K000376,"Kelly, Mike",1,0,5000.0,68800.0,0.0,0.0,0.0,73800.0,0.0,0.0,0.0,0.0,0.0,0.0,1,0
K000377,"Kelly, Mark",0,1,0.0,500.0,0.0,0.0,0.0,500.0,0.0,0.0,0.0,0.0,0.0,0.0,1,1
K000383,"King, Angus S., Jr.",0,0,5000.0,30950.0,0.0,0.0,0.0,35950.0,0.0,0.0,0.0,0.0,0.0,0.0,1,0
K000384,"Kaine, Tim",0,0,0.0,150.0,0.0,0.0,0.0,150.0,0.0,0.0,0.0,0.0,0.0,0.0,1,0
K000385,"Kelly, Robin L.",1,0,0.0,0.0,0.0,0.0,0.0,0.0,0.0,0.0,0.0,0.0,0.0,0.0,1,0
K000388,"Kelly, Trent",1,0,5000.0,11753.0,0.0,0.0,0.0,16753.0,0.0,0.0,0.0,0.0,0.0,0.0,1,0
K000389,"Khanna, Ro",0,0,0.0,0.0,0.0,0.0,0.0,0.0,0.0,0.0,0.0,0.0,0.0,0.0,0,0
K000391,"Krishnamoorthi, Raja",1,1,5000.0,0.0,0.0,0.0,0.0,5000.0,0.0,0.0,0.0,0.0,0.0,0.0,1,1
K000392,"Kustoff, David",1,0,10000.0,34600.0,0.0,0.0,0.0,44600.0,0.0,0.0,0.0,0.0,0.0,0.0,1,0
K000393,"Kennedy, John",0,0,0.0,0.0,0.0,0.0,0.0,0.0,0.0,0.0,0.0,0.0,0.0,0.0,0,0
K000394,"Kim, Andy",0,1,0.0,0.0,0.0,0.0,0.0,0.0,0.0,0.0,0.0,0.0,0.0,0.0,0,1
K000397,"Kim, Young",1,0,10000.0,211197.0,0.0,0.0,0.0,221197.0,0.0,0.0,0.0,0.0,0.0,0.0,1,0
K000398,"Kean, Thomas H.",1,0,10000.0,254013.0,0.0,0.0,0.0,264013.0,0.0,0.0,0.0,0.0,0.0,0.0,1,0
K000399,"Kiggans, Jennifer A.",1,0,10000.0,39051.0,0.0,0.0,0.0,49051.0,0.0,0.0,0.0,0.0,0.0,0.0,1,0
K000400,"Kamlager-Dove, Sydney",0,0,0.0,0.0,0.0,0.0,0.0,0.0,0.0,0.0,0.0,0.0,0.0,0.0,0,0
K000401,"Kiley, Kevin",1,0,5000.0,322.0,0.0,0.0,0.0,5322.0,0.0,0.0,0.0,0.0,0.0,0.0,1,0
K000402,"Kennedy, Timothy M.",0,0,10000.0,29750.0,0.0,0.0,0.0,39750.0,1000.0,0.0,0.0,0.0,0.0,1000.0,1,1
K000403,"Kennedy, Mike",0,0,10000.0,0.0,0.0,0.0,0.0,10000.0,0.0,0.0,0.0,0.0,0.0,0.0,1,0
K000404,"King-Hinds, Kimberlyn",0,0,0.0,0.0,0.0,0.0,0.0,0.0,0.0,0.0,0.0,0.0,0.0,0.0,0,0
K000405,"Knott, Brad",0,0,10000.0,0.0,0.0,0.0,0.0,10000.0,0.0,0.0,0.0,0.0,0.0,0.0,1,0
L000273,"Leger Fernandez, Teresa",0,1,0.0,0.0,0.0,0.0,0.0,0.0,0.0,0.0,0.0,0.0,0.0,0.0,0,1
L000397,"Lofgren, Zoe",0,0,0.0,0.0,0.0,0.0,0.0,0.0,0.0,0.0,0.0,0.0,0.0,0.0,0,0
L000491,"Lucas, Frank D.",0,0,10000.0,0.0,0.0,0.0,0.0,10000.0,0.0,0.0,0.0,0.0,0.0,0.0,1,0
L000557,"Larson, John B.",1,1,5000.0,13700.0,0.0,0.0,0.0,18700.0,0.0,0.0,0.0,0.0,0.0,0.0,1,1
L000560,"Larsen, Rick",0,1,5000.0,22800.0,0.0,0.0,0.0,27800.0,0.0,0.0,0.0,0.0,0.0,0.0,1,1
L000562,"Lynch, Stephen F.",0,0,0.0,0.0,0.0,0.0,0.0,0.0,0.0,0.0,0.0,0.0,0.0,0.0,0,0
L000566,"Latta, Robert E.",1,0,5000.0,9501.0,0.0,0.0,0.0,14501.0,0.0,0.0,0.0,0.0,0.0,0.0,1,0
L000570,"Luján, Ben Ray",0,0,0.0,0.0,0.0,0.0,0.0,0.0,0.0,0.0,0.0,0.0,0.0,0.0,0,0
L000571,"Lummis, Cynthia M.",1,0,0.0,0.0,0.0,0.0,0.0,0.0,0.0,0.0,0.0,0.0,0.0,0.0,1,0
L000575,"Lankford, James",0,0,0.0,500.0,0.0,0.0,0.0,500.0,0.0,0.0,0.0,0.0,0.0,0.0,1,0
L000577,"Lee, Mike",0,0,0.0,0.0,0.0,0.0,0.0,0.0,0.0,0.0,0.0,0.0,0.0,0.0,0,0
L000578,"LaMalfa, Doug",1,0,10000.0,0.0,0.0,0.0,0.0,10000.0,0.0,0.0,0.0,0.0,0.0,0.0,1,0
L000582,"Lieu, Ted",1,1,10000.0,34987.0,0.0,0.0,0.0,44987.0,0.0,0.0,0.0,0.0,0.0,0.0,1,1
L000583,"Loudermilk, Barry",1,0,10000.0,33100.0,0.0,0.0,0.0,43100.0,0.0,0.0,0.0,0.0,0.0,0.0,1,0
L000585,"LaHood, Darin",1,0,5000.0,23710.0,0.0,0.0,0.0,28710.0,0.0,0.0,0.0,0.0,0.0,0.0,1,0
L000590,"Lee, Susie",1,1,10000.0,6800.0,0.0,0.0,0.0,16800.0,1000.0,0.0,0.0,0.0,0.0,1000.0,1,1
L000593,"Levin, Mike",1,1,10000.0,87522.0,0.0,0.0,0.0,97522.0,5000.0,0.0,0.0,0.0,0.0,5000.0,1,1
L000595,"Letlow, Julia",1,0,10000.0,48450.0,0.0,0.0,0.0,58450.0,0.0,0.0,0.0,0.0,0.0,0.0,1,0
L000596,"Luna, Anna Paulina",1,0,10000.0,5250.0,0.0,0.0,0.0,15250.0,0.0,0.0,0.0,0.0,0.0,0.0,1,0
L000597,"Lee, Laurel M.",1,0,10000.0,18787.0,0.0,0.0,0.0,28787.0,0.0,0.0,0.0,0.0,0.0,0.0,1,0
L000598,"LaLota, Nick",1,0,10000.0,0.0,0.0,0.0,0.0,10000.0,0.0,0.0,0.0,0.0,0.0,0.0,1,0
L000599,"Lawler, Michael",1,0,10000.0,382669.0,0.0,0.0,0.0,392669.0,0.0,0.0,0.0,0.0,0.0,0.0,1,0
L000600,"Langworthy, Nicholas A.",1,0,10000.0,21550.0,0.0,0.0,0.0,31550.0,0.0,0.0,0.0,0.0,0.0,0.0,1,0
L000601,"Landsman, Greg",1,1,10000.0,375808.0,0.0,0.0,0.0,385808.0,5000.0,0.0,0.0,0.0,0.0,5000.0,1,1
L000602,"Lee, Summer L.",0,0,0.0,0.0,0.0,0.0,0.0,0.0,0.0,0.0,0.0,0.0,0.0,0.0,0,0
L000603,"Luttrell, Morgan",1,0,10000.0,13600.0,0.0,0.0,0.0,23600.0,0.0,0.0,0.0,0.0,0.0,0.0,1,0
L000606,"Latimer, George",1,1,10000.0,2438899.0,4728158.0,9865477.0,14593635.0,17042534.0,1000.0,0.0,914851.0,95244.0,1010095.0,1011095.0,1,1
L000607,"Liccardo, Sam T.",0,0,0.0,500.0,0.0,0.0,0.0,500.0,0.0,0.0,0.0,0.0,0.0,0.0,1,0
M000133,"Markey, Edward J.",0,0,0.0,0.0,0.0,0.0,0.0,0.0,0.0,0.0,0.0,0.0,0.0,0.0,0,0
M000194,"Mace, Nancy",1,0,10000.0,33305.0,0.0,0.0,0.0,43305.0,0.0,0.0,0.0,0.0,0.0,0.0,1,0
M000312,"McGovern, James P.",0,0,0.0,0.0,0.0,0.0,0.0,0.0,0.0,0.0,0.0,0.0,0.0,0.0,0,0
M000317,"Malliotakis, Nicole",1,0,10000.0,75400.0,0.0,0.0,0.0,85400.0,0.0,0.0,0.0,0.0,0.0,0.0,1,0
M000355,"McConnell, Mitch",0,0,0.0,0.0,0.0,0.0,0.0,0.0,0.0,0.0,0.0,0.0,0.0,0.0,0,0
M000687,"Mfume, Kweisi",0,1,10000.0,1000.0,0.0,0.0,0.0,11000.0,0.0,0.0,0.0,0.0,0.0,0.0,1,1
M000871,"Mann, Tracey",1,0,10000.0,23607.0,0.0,0.0,0.0,33607.0,0.0,0.0,0.0,0.0,0.0,0.0,1,0
M000934,"Moran, Jerry",0,0,0.0,0.0,0.0,0.0,0.0,0.0,0.0,0.0,0.0,0.0,0.0,0.0,0,0
M001111,"Murray, Patty",0,1,0.0,0.0,0.0,0.0,0.0,0.0,0.0,0.0,0.0,0.0,0.0,0.0,0,1
M001136,"McClain, Lisa C.",1,0,10000.0,6050.0,0.0,0.0,0.0,16050.0,0.0,0.0,0.0,0.0,0.0,0.0,1,0
M001137,"Meeks, Gregory W.",1,1,10000.0,438328.0,0.0,0.0,0.0,448328.0,1000.0,0.0,0.0,0.0,0.0,1000.0,1,1
M001143,"McCollum, Betty",0,0,0.0,0.0,0.0,0.0,0.0,0.0,0.0,0.0,0.0,0.0,0.0,0.0,0,0
M001153,"Murkowski, Lisa",0,0,0.0,0.0,0.0,0.0,0.0,0.0,0.0,0.0,0.0,0.0,0.0,0.0,0,0
M001157,"McCaul, Michael T.",1,0,15000.0,403859.0,0.0,0.0,0.0,418859.0,0.0,0.0,0.0,0.0,0.0,0.0,1,0
M001160,"Moore, Gwen",0,0,0.0,0.0,0.0,0.0,0.0,0.0,0.0,0.0,0.0,0.0,0.0,0.0,0,0
M001163,"Matsui, Doris O.",0,0,10000.0,1322.0,0.0,0.0,0.0,11322.0,0.0,0.0,0.0,0.0,0.0,0.0,1,0
M001169,"Murphy, Christopher",0,0,0.0,1250.0,0.0,0.0,0.0,1250.0,0.0,0.0,0.0,0.0,0.0,0.0,1,0
M001176,"Merkley, Jeff",0,0,0.0,0.0,0.0,0.0,0.0,0.0,0.0,0.0,0.0,0.0,0.0,0.0,0,0
M001177,"McClintock, Tom",1,0,5000.0,237.0,0.0,0.0,0.0,5237.0,0.0,0.0,0.0,0.0,0.0,0.0,1,0
M001184,"Massie, Thomas",0,0,0.0,0.0,0.0,0.0,0.0,0.0,0.0,0.0,0.0,0.0,0.0,0.0,0,0
M001188,"Meng, Grace",1,1,4500.0,462048.0,0.0,0.0,0.0,466548.0,1000.0,0.0,0.0,0.0,0.0,1000.0,1,1
M001190,"Mullin, Markwayne",1,0,0.0,0.0,0.0,0.0,0.0,0.0,0.0,0.0,0.0,0.0,0.0,0.0,1,0
M001194,"Moolenaar, John R.",1,0,10000.0,11500.0,0.0,0.0,0.0,21500.0,0.0,0.0,0.0,0.0,0.0,0.0,1,0
M001196,"Moulton, Seth",1,1,10000.0,32850.0,0.0,0.0,0.0,42850.0,0.0,0.0,0.0,0.0,0.0,0.0,1,1
M001198,"Marshall, Roger",1,0,0.0,0.0,0.0,0.0,0.0,0.0,0.0,0.0,0.0,0.0,0.0,0.0,1,0
M001199,"Mast, Brian J.",1,0,10000.0,187661.0,0.0,0.0,0.0,197661.0,0.0,0.0,0.0,0.0,0.0,0.0,1,0
M001204,"Meuser, Daniel",1,0,5000.0,0.0,0.0,0.0,0.0,5000.0,0.0,0.0,0.0,0.0,0.0,0.0,1,0
M001205,"Miller, Carol D.",1,0,10000.0,12000.0,0.0,0.0,0.0,22000.0,0.0,0.0,0.0,0.0,0.0,0.0,1,0
M001206,"Morelle, Joseph D.",1,0,10000.0,89870.0,0.0,0.0,0.0,99870.0,1000.0,0.0,0.0,0.0,0.0,1000.0,1,1
M001208,"McBath, Lucy",1,1,10000.0,3800.0,0.0,0.0,0.0,13800.0,1000.0,0.0,1392.0,0.0,1392.0,2392.0,1,1
M001210,"Murphy, Gregory F.",1,0,10000.0,24008.0,0.0,0.0,0.0,34008.0,0.0,0.0,0.0,0.0,0.0,0.0,1,0
M001211,"Miller, Mary E.",1,0,0.0,0.0,0.0,0.0,0.0,0.0,0.0,0.0,0.0,0.0,0.0,0.0,1,0
M001212,"Moore, Barry",1,0,5000.0,500.0,0.0,0.0,0.0,5500.0,0.0,0.0,0.0,0.0,0.0,0.0,1,0
M001213,"Moore, Blake D.",1,0,5000.0,3250.0,0.0,0.0,0.0,8250.0,0.0,0.0,0.0,0.0,0.0,0.0,1,0
M001214,"Mrvan, Frank J.",1,0,10000.0,31823.0,0.0,0.0,0.0,41823.0,0.0,0.0,0.0,0.0,0.0,0.0,1,0
M001215,"Miller-Meeks, Mariannette",0,0,10000.0,0.0,0.0,0.0,0.0,10000.0,0.0,0.0,0.0,0.0,0.0,0.0,1,0
M001216,"Mills, Cory",0,0,0.0,23350.0,0.0,0.0,0.0,23350.0,0.0,0.0,0.0,0.0,0.0,0.0,1,0
M001217,"Moskowitz, Jared",1,1,10000.0,312798.0,0.0,0.0,0.0,322798.0,1000.0,0.0,0.0,0.0,0.0,1000.0,1,1
M001218,"McCormick, Richard",1,0,5000.0,0.0,0.0,0.0,0.0,5000.0,0.0,0.0,0.0,0.0,0.0,0.0,1,0
M001219,"Moylan, James C.",0,0,0.0,0.0,0.0,0.0,0.0,0.0,0.0,0.0,0.0,0.0,0.0,0.0,0,0
M001220,"McGarvey, Morgan",0,1,5000.0,44003.0,0.0,0.0,0.0,49003.0,0.0,0.0,0.0,0.0,0.0,0.0,1,1
M001222,"Miller, Max L.",1,0,5000.0,39150.0,0.0,0.0,0.0,44150.0,0.0,0.0,0.0,0.0,0.0,0.0,1,0
M001223,"Magaziner, Seth",1,1,5000.0,24100.0,0.0,0.0,0.0,29100.0,1000.0,0.0,1300.0,0.0,1300.0,2300.0,1,1
M001224,"Moran, Nathaniel",1,0,10000.0,19600.0,0.0,0.0,0.0,29600.0,0.0,0.0,0.0,0.0,0.0,0.0,1,0
M001225,"Mullin, Kevin",0,1,5000.0,0.0,-86.0,0.0,-86.0,4914.0,0.0,0.0,0.0,0.0,0.0,0.0,1,1
M001226,"Menendez, Robert",1,1,5000.0,230430.0,0.0,0.0,0.0,235430.0,1000.0,0.0,0.0,0.0,0.0,1000.0,1,1
M001227,"McClellan, Jennifer L.",0,1,10000.0,13550.0,0.0,0.0,0.0,23550.0,1000.0,0.0,3000.0,0.0,3000.0,4000.0,1,1
M001228,"Maloy, Celeste",1,0,15000.0,28508.0,0.0,0.0,0.0,43508.0,0.0,0.0,0.0,0.0,0.0,0.0,1,0
M001229,"McIver, LaMonica",0,0,0.0,0.0,0.0,0.0,0.0,0.0,0.0,0.0,0.0,0.0,0.0,0.0,0,0
M001230,"Mackenzie, Ryan",0,0,0.0,0.0,0.0,0.0,0.0,0.0,0.0,0.0,0.0,0.0,0.0,0.0,0,0
M001231,"Mannion, John W.",0,0,0.0,0.0,0.0,0.0,0.0,0.0,0.0,0.0,0.0,0.0,0.0,0.0,0,0
M001232,"McClain Delaney, April",0,1,0.0,0.0,0.0,0.0,0.0,0.0,0.0,0.0,0.0,0.0,0.0,0.0,0,1
M001233,"Messmer, Mark B.",0,0,0.0,256439.0,0.0,1530371.0,1530371.0,1786810.0,0.0,0.0,0.0,0.0,0.0,0.0,1,0
M001234,"Morrison, Kelly",0,0,0.0,0.0,0.0,0.0,0.0,0.0,0.0,0.0,0.0,0.0,0.0,0.0,0,0
M001235,"Moore, Riley M.",0,0,10000.0,17250.0,0.0,0.0,0.0,27250.0,0.0,0.0,0.0,0.0,0.0,0.0,1,0
M001236,"Moore, Tim",1,0,5000.0,0.0,0.0,0.0,0.0,5000.0,0.0,0.0,0.0,0.0,0.0,0.0,1,0
M001237,"McDonald Rivet, Kristen",0,1,0.0,0.0,0.0,0.0,0.0,0.0,2000.0,0.0,0.0,0.0,0.0,2000.0,0,1
M001238,"McBride, Sarah",0,1,10000.0,22260.0,0.0,0.0,0.0,32260.0,1000.0,0.0,0.0,0.0,0.0,1000.0,1,1
M001239,"McGuire, John J.",1,0,10000.0,600.0,0.0,0.0,0.0,10600.0,0.0,0.0,0.0,0.0,0.0,0.0,1,0
M001240,"McDowell, Addison P.",1,0,10000.0,7500.0,0.0,0.0,0.0,17500.0,0.0,0.0,0.0,0.0,0.0,0.0,1,0
M001241,"Min, Dave",0,1,0.0,50.0,0.0,0.0,0.0,50.0,2000.0,0.0,0.0,0.0,0.0,2000.0,1,1
M001242,"Moreno, Bernie",0,0,0.0,0.0,0.0,0.0,0.0,0.0,0.0,0.0,0.0,0.0,0.0,0.0,0,0
M001243,"McCormick, David",0,0,0.0,0.0,0.0,0.0,0.0,0.0,0.0,0.0,0.0,0.0,0.0,0.0,0,0
M001244,"Moody, Ashley",0,0,0.0,0.0,0.0,0.0,0.0,0.0,0.0,0.0,0.0,0.0,0.0,0.0,0,0
N000002,"Nadler, Jerrold",0,0,0.0,1800.0,0.0,0.0,0.0,1800.0,0.0,0.0,0.0,0.0,0.0,0.0,1,0
N000015,"Neal, Richard E.",1,1,10000.0,27100.0,0.0,0.0,0.0,37100.0,0.0,0.0,0.0,0.0,0.0,0.0,1,1
N000026,"Nehls, Troy E.",0,0,5000.0,0.0,0.0,0.0,0.0,5000.0,0.0,0.0,0.0,0.0,0.0,0.0,1,0
N000147,"Norton, Eleanor Holmes",0,0,0.0,0.0,0.0,0.0,0.0,0.0,0.0,0.0,0.0,0.0,0.0,0.0,0,0
N000188,"Norcross, Donald",1,1,10000.0,80805.0,0.0,0.0,0.0,90805.0,0.0,0.0,2500.0,0.0,2500.0,2500.0,1,1
N000189,"Newhouse, Dan",1,0,5000.0,101458.0,0.0,0.0,0.0,106458.0,0.0,0.0,0.0,0.0,0.0,0.0,1,0
N000190,"Norman, Ralph",0,0,0.0,250.0,0.0,0.0,0.0,250.0,0.0,0.0,0.0,0.0,0.0,0.0,1,0
N000191,"Neguse, Joe",1,0,10000.0,129910.0,0.0,0.0,0.0,139910.0,0.0,0.0,0.0,0.0,0.0,0.0,1,0
N000193,"Nunn, Zachary",1,0,10000.0,44987.0,0.0,0.0,0.0,54987.0,0.0,0.0,0.0,0.0,0.0,0.0,1,0
O000019,"Obernolte, Jay",1,0,5000.0,1572.0,0.0,0.0,0.0,6572.0,0.0,0.0,0.0,0.0,0.0,0.0,1,0
O000086,"Owens, Burgess",1,0,5000.0,23645.0,0.0,0.0,0.0,28645.0,0.0,0.0,0.0,0.0,0.0,0.0,1,0
O000172,"Ocasio-Cortez, Alexandria",0,0,0.0,0.0,0.0,0.0,0.0,0.0,0.0,0.0,0.0,0.0,0.0,0.0,0,0
O000173,"Omar, Ilhan",0,0,0.0,0.0,0.0,0.0,0.0,0.0,0.0,0.0,0.0,0.0,0.0,0.0,0,0
O000174,"Ossoff, Jon",0,1,0.0,2450.0,0.0,0.0,0.0,2450.0,0.0,0.0,0.0,0.0,0.0,0.0,1,1
O000175,"Ogles, Andrew",1,0,10000.0,1429.0,0.0,0.0,0.0,11429.0,0.0,0.0,0.0,0.0,0.0,0.0,1,0
O000176,"Olszewski, Johnny",0,1,10000.0,500.0,0.0,0.0,0.0,10500.0,1000.0,0.0,2125.0,0.0,2125.0,3125.0,1,1
O000177,"Onder, Robert F.",0,0,5000.0,0.0,0.0,0.0,0.0,5000.0,0.0,0.0,0.0,0.0,0.0,0.0,1,0
P000034,"Pallone, Frank",1,0,10000.0,0.0,0.0,0.0,0.0,10000.0,0.0,0.0,0.0,0.0,0.0,0.0,1,0
P000048,"Pfluger, August",1,0,10000.0,28850.0,0.0,0.0,0.0,38850.0,0.0,0.0,0.0,0.0,0.0,0.0,1,0
P000145,"Padilla, Alex",0,1,0.0,0.0,0.0,0.0,0.0,0.0,0.0,0.0,0.0,0.0,0.0,0.0,0,1
P000197,"Pelosi, Nancy",1,1,5000.0,3322.0,0.0,0.0,0.0,8322.0,0.0,0.0,0.0,0.0,0.0,0.0,1,1
P000595,"Peters, Gary C.",0,0,0.0,0.0,0.0,0.0,0.0,0.0,0.0,0.0,0.0,0.0,0.0,0.0,0,0
P000597,"Pingree, Chellie",0,0,0.0,0.0,0.0,0.0,0.0,0.0,0.0,0.0,0.0,0.0,0.0,0.0,0,0
P000603,"Paul, Rand",0,0,0.0,0.0,0.0,0.0,0.0,0.0,0.0,0.0,0.0,0.0,0.0,0.0,0,0
P000605,"Perry, Scott",0,0,5000.0,16250.0,0.0,0.0,0.0,21250.0,0.0,0.0,0.0,0.0,0.0,0.0,1,0
P000607,"Pocan, Mark",0,0,0.0,0.0,0.0,0.0,0.0,0.0,0.0,0.0,0.0,0.0,0.0,0.0,0,0
P000608,"Peters, Scott H.",0,0,0.0,0.0,0.0,0.0,0.0,0.0,0.0,0.0,0.0,0.0,0.0,0.0,0,0
P000609,"Palmer, Gary J.",1,0,5000.0,28250.0,0.0,0.0,0.0,33250.0,0.0,0.0,0.0,0.0,0.0,0.0,1,0
P000610,"Plaskett, Stacey E.",0,0,0.0,0.0,0.0,0.0,0.0,0.0,0.0,0.0,0.0,0.0,0.0,0.0,0,0
P000613,"Panetta, Jimmy",1,1,10000.0,246767.0,0.0,0.0,0.0,256767.0,2000.0,0.0,0.0,0.0,0.0,2000.0,1,1
P000614,"Pappas, Chris",1,1,10000.0,305442.0,0.0,0.0,0.0,315442.0,2000.0,0.0,0.0,0.0,0.0,2000.0,1,1
P000617,"Pressley, Ayanna",0,0,0.0,0.0,0.0,0.0,0.0,0.0,0.0,0.0,0.0,0.0,0.0,0.0,0,0
P000620,"Pettersen, Brittany",1,1,10000.0,24610.0,0.0,0.0,0.0,34610.0,1000.0,0.0,0.0,0.0,0.0,1000.0,1,1
P000621,"Pou, Nellie",0,1,0.0,0.0,0.0,0.0,0.0,0.0,0.0,0.0,0.0,0.0,0.0,0.0,0,1
P000622,"Patronis, Jimmy",0,0,0.0,0.0,0.0,0.0,0.0,0.0,0.0,0.0,0.0,0.0,0.0,0.0,0,0
Q000023,"Quigley, Mike",1,0,0.0,9050.0,0.0,0.0,0.0,9050.0,0.0,0.0,0.0,0.0,0.0,0.0,1,0
R000122,"Reed, Jack",1,1,0.0,0.0,0.0,0.0,0.0,0.0,0.0,0.0,0.0,0.0,0.0,0.0,1,1
R000305,"Ross, Deborah K.",0,1,10000.0,45438.0,0.0,0.0,0.0,55438.0,2000.0,0.0,0.0,0.0,0.0,2000.0,1,1
R000395,"Rogers, Harold",0,0,10000.0,500.0,0.0,0.0,0.0,10500.0,0.0,0.0,0.0,0.0,0.0,0.0,1,0
R000575,"Rogers, Mike D.",1,0,10000.0,0.0,0.0,0.0,0.0,10000.0,0.0,0.0,0.0,0.0,0.0,0.0,1,0
R000579,"Ryan, Patrick",1,0,10000.0,210662.0,0.0,0.0,0.0,220662.0,5000.0,0.0,0.0,0.0,0.0,5000.0,1,1
R000584,"Risch, James E.",1,0,0.0,0.0,0.0,0.0,0.0,0.0,0.0,0.0,0.0,0.0,0.0,0.0,1,0
R000599,"Ruiz, Raul",1,0,10000.0,63717.0,0.0,0.0,0.0,73717.0,0.0,0.0,0.0,0.0,0.0,0.0,1,0
R000600,"Radewagen, Aumua Amata Coleman",0,0,0.0,0.0,0.0,0.0,0.0,0.0,0.0,0.0,0.0,0.0,0.0,0.0,0,0
R000603,"Rouzer, David",1,0,5000.0,13002.0,0.0,0.0,0.0,18002.0,0.0,0.0,0.0,0.0,0.0,0.0,1,0
R000605,"Rounds, Mike",1,0,0.0,0.0,0.0,0.0,0.0,0.0,0.0,0.0,0.0,0.0,0.0,0.0,1,0
R000606,"Raskin, Jamie",0,0,0.0,0.0,0.0,0.0,0.0,0.0,0.0,0.0,0.0,0.0,0.0,0.0,0,0
R000608,"Rosen, Jacky",0,1,5000.0,1264951.0,0.0,0.0,0.0,1269951.0,5000.0,0.0,102300.0,95700.0,198000.0,203000.0,1,1
R000609,"Rutherford, John H.",1,0,10000.0,0.0,0.0,0.0,0.0,10000.0,0.0,0.0,0.0,0.0,0.0,0.0,1,0
R000610,"Reschenthaler, Guy",1,0,10000.0,178120.0,0.0,0.0,0.0,188120.0,0.0,0.0,0.0,0.0,0.0,0.0,1,0
R000612,"Rose, John W.",1,0,10000.0,16908.0,0.0,0.0,0.0,26908.0,0.0,0.0,0.0,0.0,0.0,0.0,1,0
R000614,"Roy, Chip",0,0,0.0,0.0,0.0,0.0,0.0,0.0,0.0,0.0,0.0,0.0,0.0,0.0,0,0
R000617,"Ramirez, Delia C.",0,0,0.0,0.0,0.0,0.0,0.0,0.0,0.0,0.0,0.0,0.0,0.0,0.0,0,0
R000618,"Ricketts, Pete",1,0,10000.0,208644.0,0.0,0.0,0.0,218644.0,0.0,0.0,0.0,0.0,0.0,0.0,1,0
R000619,"Rulli, Michael A.",0,0,10000.0,0.0,0.0,0.0,0.0,10000.0,0.0,0.0,0.0,0.0,0.0,0.0,1,0
R000620,"Rivas, Luz M.",0,1,5000.0,8900.0,0.0,0.0,0.0,13900.0,2000.0,0.0,0.0,0.0,0.0,2000.0,1,1
R000621,"Randall, Emily",0,0,5000.0,7800.0,0.0,0.0,0.0,12800.0,0.0,0.0,0.0,0.0,0.0,0.0,1,0
R000622,"Riley, Josh",1,1,0.0,100.0,0.0,0.0,0.0,100.0,5000.0,0.0,0.0,0.0,0.0,5000.0,1,1
S000033,"Sanders, Bernard",0,0,0.0,0.0,0.0,0.0,0.0,0.0,0.0,0.0,0.0,0.0,0.0,0.0,0,0
S000148,"Schumer, Charles E.",0,0,0.0,2650.0,0.0,0.0,0.0,2650.0,0.0,0.0,0.0,0.0,0.0,0.0,1,0
S000168,"Salazar, Maria Elvira",1,0,10000.0,23607.0,0.0,0.0,0.0,33607.0,0.0,0.0,0.0,0.0,0.0,0.0,1,0
S000185,"Scott, Robert C. ""Bobby""",0,0,0.0,0.0,0.0,0.0,0.0,0.0,0.0,0.0,0.0,0.0,0.0,0.0,0,0
S000250,"Sessions, Pete",1,0,10000.0,0.0,0.0,0.0,0.0,10000.0,0.0,0.0,0.0,0.0,0.0,0.0,1,0
S000344,"Sherman, Brad",1,1,10000.0,0.0,0.0,0.0,0.0,10000.0,2000.0,0.0,0.0,0.0,0.0,2000.0,1,1
S000510,"Smith, Adam",1,1,10000.0,317764.0,0.0,0.0,0.0,327764.0,0.0,0.0,0.0,0.0,0.0,0.0,1,1
S000522,"Smith, Christopher H.",1,0,10000.0,17500.0,0.0,0.0,0.0,27500.0,0.0,0.0,0.0,0.0,0.0,0.0,1,0
S000929,"Spartz, Victoria",0,0,10000.0,23700.0,0.0,0.0,0.0,33700.0,0.0,0.0,0.0,0.0,0.0,0.0,1,0
S001145,"Schakowsky, Janice D.",0,0,0.0,0.0,0.0,0.0,0.0,0.0,0.0,0.0,0.0,0.0,0.0,0.0,0,0
S001148,"Simpson, Michael K.",1,0,10000.0,9250.0,0.0,0.0,0.0,19250.0,0.0,0.0,0.0,0.0,0.0,0.0,1,0
S001150,"Schiff, Adam B.",0,1,5000.0,306663.0,0.0,0.0,0.0,311663.0,1000.0,0.0,17910.0,0.0,17910.0,18910.0,1,1
S001156,"Sánchez, Linda T.",0,0,0.0,0.0,0.0,0.0,0.0,0.0,0.0,0.0,0.0,0.0,0.0,0.0,0,0
S001157,"Scott, David",1,1,10000.0,27500.0,0.0,0.0,0.0,37500.0,0.0,0.0,0.0,0.0,0.0,0.0,1,1
S001159,"Strickland, Marilyn",1,1,10000.0,135379.0,0.0,0.0,0.0,145379.0,0.0,0.0,0.0,0.0,0.0,0.0,1,1
S001172,"Smith, Adrian",1,0,10000.0,10508.0,0.0,0.0,0.0,20508.0,0.0,0.0,0.0,0.0,0.0,0.0,1,0
S001176,"Scalise, Steve",1,0,10000.0,463758.0,0.0,0.0,0.0,473758.0,0.0,0.0,0.0,0.0,0.0,0.0,1,0
S001181,"Shaheen, Jeanne",0,1,0.0,0.0,0.0,0.0,0.0,0.0,0.0,0.0,0.0,0.0,0.0,0.0,0,1
S001183,"Schweikert, David",1,0,10000.0,65751.0,0.0,0.0,0.0,75751.0,0.0,0.0,0.0,0.0,0.0,0.0,1,0
S001184,"Scott, Tim",0,0,0.0,0.0,0.0,0.0,0.0,0.0,0.0,0.0,0.0,0.0,0.0,0.0,0,0
S001185,"Sewell, Terri A.",0,0,10000.0,38050.0,0.0,0.0,0.0,48050.0,0.0,0.0,0.0,0.0,0.0,0.0,1,0
S001188,"Stutzman, Marlin A.",0,0,10000.0,8300.0,0.0,0.0,0.0,18300.0,0.0,0.0,0.0,0.0,0.0,0.0,1,0
S001189,"Scott, Austin",1,0,10000.0,12350.0,0.0,0.0,0.0,22350.0,0.0,0.0,0.0,0.0,0.0,0.0,1,0
S001190,"Schneider, Bradley Scott",1,0,10000.0,257310.0,0.0,0.0,0.0,267310.0,0.0,0.0,0.0,0.0,0.0,0.0,1,0
S001193,"Swalwell, Eric",1,0,5000.0,1000.0,0.0,0.0,0.0,6000.0,0.0,0.0,0.0,0.0,0.0,0.0,1,0
S001194,"Schatz, Brian",0,0,0.0,0.0,0.0,0.0,0.0,0.0,0.0,0.0,0.0,0.0,0.0,0.0,0,0
S001195,"Smith, Jason",1,0,10000.0,37300.0,0.0,0.0,0.0,47300.0,0.0,0.0,0.0,0.0,0.0,0.0,1,0
S001196,"Stefanik, Elise M.",1,0,5000.0,354494.0,0.0,0.0,0.0,359494.0,0.0,0.0,0.0,0.0,0.0,0.0,1,0
S001198,"Sullivan, Dan",1,0,0.0,0.0,0.0,0.0,0.0,0.0,0.0,0.0,0.0,0.0,0.0,0.0,1,0
S001199,"Smucker, Lloyd",1,0,10000.0,23450.0,0.0,0.0,0.0,33450.0,0.0,0.0,0.0,0.0,0.0,0.0,1,0
S001200,"Soto, Darren",1,1,10000.0,149290.0,0.0,0.0,0.0,159290.0,1000.0,0.0,0.0,0.0,0.0,1000.0,1,1
S001201,"Suozzi, Thomas R.",1,0,10000.0,71660.0,0.0,0.0,0.0,81660.0,6000.0,0.0,41626.0,0.0,41626.0,47626.0,1,1
S001203,"Smith, Tina",0,1,0.0,0.0,0.0,0.0,0.0,0.0,0.0,0.0,0.0,0.0,0.0,0.0,0,1
S001205,"Scanlon, Mary Gay",0,0,0.0,0.0,0.0,0.0,0.0,0.0,0.0,0.0,0.0,0.0,0.0,0.0,0,0
S001207,"Sherrill, Mikie",0,1,0.0,9350.0,0.0,0.0,0.0,9350.0,0.0,0.0,0.0,0.0,0.0,0.0,1,1
S001208,"Slotkin, Elissa",0,0,0.0,1025.0,0.0,0.0,0.0,1025.0,0.0,0.0,0.0,0.0,0.0,0.0,1,0
S001211,"Stanton, Greg",1,1,10000.0,48750.0,0.0,0.0,0.0,58750.0,3000.0,0.0,1608.0,0.0,1608.0,4608.0,1,1
S001212,"Stauber, Pete",1,0,5000.0,1250.0,0.0,0.0,0.0,6250.0,0.0,0.0,0.0,0.0,0.0,0.0,1,0
S001213,"Steil, Bryan",1,0,5000.0,30750.0,0.0,0.0,0.0,35750.0,0.0,0.0,0.0,0.0,0.0,0.0,1,0
S001214,"Steube, W. Gregory",0,0,0.0,0.0,0.0,0.0,0.0,0.0,0.0,0.0,0.0,0.0,0.0,0.0,0,0
S001215,"Stevens, Haley M.",1,1,10000.0,37100.0,-8942.0,0.0,-8942.0,38158.0,1000.0,0.0,1899.0,0.0,1899.0,2899.0,1,1
S001216,"Schrier, Kim",1,1,10000.0,57950.0,0.0,0.0,0.0,67950.0,5000.0,0.0,0.0,0.0,0.0,5000.0,1,1
S001217,"Scott, Rick",0,0,15000.0,254235.0,0.0,0.0,0.0,269235.0,0.0,0.0,0.0,0.0,0.0,0.0,1,0
S001218,"Stansbury, Melanie A.",0,0,0.0,0.0,0.0,0.0,0.0,0.0,0.0,0.0,0.0,0.0,0.0,0.0,0,0
S001220,"Strong, Dale W.",1,0,5000.0,13499.0,0.0,0.0,0.0,18499.0,0.0,0.0,0.0,0.0,0.0,0.0,1,0
S001221,"Scholten, Hillary J.",1,1,10000.0,125936.0,0.0,0.0,0.0,135936.0,3000.0,0.0,0.0,0.0,0.0,3000.0,1,1
S001223,"Sykes, Emilia Strong",1,1,15000.0,75653.0,0.0,0.0,0.0,90653.0,5000.0,0.0,1020.0,167724.0,168744.0,173744.0,1,1
S001224,"Self, Keith",1,0,10000.0,8100.0,0.0,0.0,0.0,18100.0,0.0,0.0,0.0,0.0,0.0,0.0,1,0
S001225,"Sorensen, Eric",0,1,5000.0,82014.0,0.0,0.0,0.0,87014.0,5000.0,0.0,0.0,0.0,0.0,5000.0,1,1
S001226,"Salinas, Andrea",0,1,10000.0,72450.0,0.0,0.0,0.0,82450.0,3000.0,0.0,0.0,0.0,0.0,3000.0,1,1
S001227,"Schmitt, Eric",0,0,0.0,0.0,0.0,0.0,0.0,0.0,0.0,0.0,0.0,0.0,0.0,0.0,0,0
S001228,"Schmidt, Derek",1,0,15000.0,250.0,0.0,0.0,0.0,15250.0,0.0,0.0,0.0,0.0,0.0,0.0,1,0
S001229,"Shreve, Jefferson",0,0,5000.0,0.0,0.0,0.0,0.0,5000.0,0.0,0.0,0.0,0.0,0.0,0.0,1,0
S001230,"Subramanyam, Suhas",0,0,5000.0,32250.0,0.0,0.0,0.0,37250.0,0.0,0.0,0.0,0.0,0.0,0.0,1,0
S001231,"Simon, Lateefah",0,0,0.0,0.0,0.0,0.0,0.0,0.0,0.0,0.0,0.0,0.0,0.0,0.0,0,0
S001232,"Sheehy, Tim",0,0,0.0,0.0,0.0,0.0,0.0,0.0,0.0,0.0,0.0,0.0,0.0,0.0,0,0
T000165,"Tiffany, Thomas P.",0,0,5000.0,4612.0,0.0,0.0,0.0,9612.0,0.0,0.0,0.0,0.0,0.0,0.0,1,0
T000193,"Thompson, Bennie G.",0,0,0.0,0.0,0.0,0.0,0.0,0.0,0.0,0.0,0.0,0.0,0.0,0.0,0,0
T000250,"Thune, John",0,0,0.0,0.0,0.0,0.0,0.0,0.0,0.0,0.0,0.0,0.0,0.0,0.0,0,0
T000278,"Tuberville, Tommy",1,0,0.0,0.0,0.0,0.0,0.0,0.0,0.0,0.0,0.0,0.0,0.0,0.0,1,0
T000460,"Thompson, Mike",0,0,0.0,0.0,0.0,0.0,0.0,0.0,0.0,0.0,0.0,0.0,0.0,0.0,0,0
T000463,"Turner, Michael R.",1,0,5000.0,149663.0,0.0,0.0,0.0,154663.0,0.0,0.0,0.0,0.0,0.0,0.0,1,0
T000467,"Thompson, Glenn",1,0,5000.0,500.0,0.0,0.0,0.0,5500.0,0.0,0.0,0.0,0.0,0.0,0.0,1,0
T000468,"Titus, Dina",1,1,10000.0,61050.0,0.0,0.0,0.0,71050.0,2000.0,0.0,0.0,0.0,0.0,2000.0,1,1
T000469,"Tonko, Paul",0,0,0.0,0.0,0.0,0.0,0.0,0.0,0.0,0.0,0.0,0.0,0.0,0.0,0,0
T000472,"Takano, Mark",0,0,0.0,0.0,0.0,0.0,0.0,0.0,0.0,0.0,0.0,0.0,0.0,0.0,0,0
T000474,"Torres, Norma J.",1,0,10000.0,0.0,0.0,0.0,0.0,10000.0,0.0,0.0,0.0,0.0,0.0,0.0,1,0
T000476,"Tillis, Thomas",1,0,0.0,0.0,0.0,0.0,0.0,0.0,0.0,0.0,0.0,0.0,0.0,0.0,1,0
T000478,"Tenney, Claudia",1,0,10000.0,29650.0,0.0,0.0,0.0,39650.0,0.0,0.0,0.0,0.0,0.0,0.0,1,0
T000480,"Timmons, William R.",1,0,10000.0,31597.0,0.0,0.0,0.0,41597.0,0.0,0.0,0.0,0.0,0.0,0.0,1,0
T000481,"Tlaib, Rashida",0,0,0.0,0.0,0.0,0.0,0.0,0.0,0.0,0.0,0.0,0.0,0.0,0.0,0,0
T000482,"Trahan, Lori",0,0,0.0,0.0,0.0,0.0,0.0,0.0,0.0,0.0,0.0,0.0,0.0,0.0,0,0
T000486,"Torres, Ritchie",1,1,10000.0,525398.0,0.0,0.0,0.0,535398.0,1000.0,0.0,0.0,0.0,0.0,1000.0,1,1
T000487,"Tokuda, Jill N.",0,0,0.0,0.0,0.0,0.0,0.0,0.0,0.0,0.0,0.0,0.0,0.0,0.0,0,0
T000488,"Thanedar, Shri",1,0,10000.0,141647.0,0.0,0.0,0.0,151647.0,0.0,0.0,0.0,0.0,0.0,0.0,1,0
T000490,"Taylor, David J.",0,0,10000.0,0.0,0.0,0.0,0.0,10000.0,0.0,0.0,0.0,0.0,0.0,0.0,1,0
T000491,"Tran, Derek",0,1,0.0,0.0,0.0,0.0,0.0,0.0,1000.0,0.0,0.0,0.0,0.0,1000.0,0,1
U000040,"Underwood, Lauren",0,1,0.0,500.0,0.0,0.0,0.0,500.0,0.0,0.0,0.0,0.0,0.0,0.0,1,1
V000081,"Velázquez, Nydia M.",0,0,0.0,0.0,0.0,0.0,0.0,0.0,0.0,0.0,0.0,0.0,0.0,0.0,0,0
V000128,"Van Hollen, Chris",0,0,0.0,0.0,0.0,0.0,0.0,0.0,0.0,0.0,0.0,0.0,0.0,0.0,0,0
V000129,"Valadao, David G.",1,0,10000.0,55397.0,0.0,0.0,0.0,65397.0,0.0,0.0,0.0,0.0,0.0,0.0,1,0
V000130,"Vargas, Juan",1,1,5000.0,150802.0,0.0,0.0,0.0,155802.0,2000.0,0.0,1290.0,0.0,1290.0,3290.0,1,1
V000131,"Veasey, Marc A.",1,0,10000.0,50128.0,0.0,0.0,0.0,60128.0,0.0,0.0,0.0,0.0,0.0,0.0,1,0
V000133,"Van Drew, Jefferson",0,0,10000.0,25300.0,0.0,0.0,0.0,35300.0,0.0,0.0,0.0,0.0,0.0,0.0,1,0
V000134,"Van Duyne, Beth",0,0,10000.0,34750.0,0.0,0.0,0.0,44750.0,0.0,0.0,0.0,0.0,0.0,0.0,1,0
V000135,"Van Orden, Derrick",0,0,5000.0,35400.0,0.0,0.0,0.0,40400.0,0.0,0.0,0.0,0.0,0.0,0.0,1,0
V000136,"Vasquez, Gabe",0,0,0.0,0.0,0.0,0.0,0.0,0.0,0.0,0.0,0.0,0.0,0.0,0.0,0,0
V000138,"Vindman, Eugene Simon",0,0,0.0,0.0,0.0,0.0,0.0,0.0,0.0,0.0,0.0,0.0,0.0,0.0,0,0
W000187,"Waters, Maxine",0,0,0.0,0.0,0.0,0.0,0.0,0.0,0.0,0.0,0.0,0.0,0.0,0.0,0,0
W000437,"Wicker, Roger F.",0,0,5000.0,334103.0,0.0,0.0,0.0,339103.0,0.0,0.0,0.0,0.0,0.0,0.0,1,0
W000779,"Wyden, Ron",0,0,0.0,0.0,0.0,0.0,0.0,0.0,0.0,0.0,0.0,0.0,0.0,0.0,0,0
W000788,"Williams, Nikema",0,1,10000.0,81140.0,0.0,0.0,0.0,91140.0,0.0,0.0,1392.0,0.0,1392.0,1392.0,1,1
W000790,"Warnock, Raphael G.",0,1,0.0,0.0,0.0,0.0,0.0,0.0,0.0,0.0,0.0,0.0,0.0,0.0,0,1
W000795,"Wilson, Joe",1,0,5000.0,121350.0,0.0,0.0,0.0,126350.0,0.0,0.0,0.0,0.0,0.0,0.0,1,0
W000797,"Wasserman Schultz, Debbie",0,1,10000.0,509842.0,0.0,0.0,0.0,519842.0,1000.0,0.0,0.0,0.0,0.0,1000.0,1,1
W000798,"Walberg, Tim",1,0,10000.0,24450.0,0.0,0.0,0.0,34450.0,0.0,0.0,0.0,0.0,0.0,0.0,1,0
W000800,"Welch, Peter",0,0,0.0,0.0,0.0,0.0,0.0,0.0,0.0,0.0,0.0,0.0,0.0,0.0,0,0
W000802,"Whitehouse, Sheldon",0,0,15000.0,132208.0,0.0,0.0,0.0,147208.0,0.0,0.0,0.0,0.0,0.0,0.0,1,0
W000804,"Wittman, Robert J.",1,0,10000.0,26851.0,0.0,0.0,0.0,36851.0,0.0,0.0,0.0,0.0,0.0,0.0,1,0
W000805,"Warner, Mark R.",1,1,0.0,0.0,0.0,0.0,0.0,0.0,0.0,0.0,0.0,0.0,0.0,0.0,1,1
W000806,"Webster, Daniel",1,0,10000.0,39550.0,0.0,0.0,0.0,49550.0,0.0,0.0,0.0,0.0,0.0,0.0,1,0
W000808,"Wilson, Frederica S.",1,1,5000.0,6900.0,0.0,0.0,0.0,11900.0,0.0,0.0,0.0,0.0,0.0,0.0,1,1
W000809,"Womack, Steve",1,0,15000.0,83047.0,0.0,0.0,0.0,98047.0,0.0,0.0,0.0,0.0,0.0,0.0,1,0
W000812,"Wagner, Ann",1,0,10000.0,0.0,0.0,0.0,0.0,10000.0,0.0,0.0,0.0,0.0,0.0,0.0,1,0
W000814,"Weber, Randy K. Sr.",1,0,10000.0,25002.0,0.0,0.0,0.0,35002.0,0.0,0.0,0.0,0.0,0.0,0.0,1,0
W000816,"Williams, Roger",1,0,10000.0,5900.0,0.0,0.0,0.0,15900.0,0.0,0.0,0.0,0.0,0.0,0.0,1,0
W000817,"Warren, Elizabeth",0,0,0.0,0.0,0.0,0.0,0.0,0.0,0.0,0.0,0.0,0.0,0.0,0.0,0,0
W000821,"Westerman, Bruce",1,0,10000.0,12146.0,0.0,0.0,0.0,22146.0,0.0,0.0,0.0,0.0,0.0,0.0,1,0
W000822,"Watson Coleman, Bonnie",0,0,0.0,0.0,0.0,0.0,0.0,0.0,0.0,0.0,0.0,0.0,0.0,0.0,0,0
W000829,"Wied, Tony",0,0,5000.0,0.0,0.0,0.0,0.0,5000.0,0.0,0.0,0.0,0.0,0.0,0.0,1,0
W000830,"Whitesides, George",0,1,0.0,383.0,0.0,0.0,0.0,383.0,1000.0,0.0,0.0,0.0,0.0,1000.0,1,1
W000831,"Walkinshaw, James R.",0,0,0.0,0.0,0.0,0.0,0.0,0.0,0.0,0.0,0.0,0.0,0.0,0.0,0,0
Y000064,"Young, Todd",0,0,0.0,0.0,0.0,0.0,0.0,0.0,0.0,0.0,0.0,0.0,0.0,0.0,0,0
Y000067,"Yakym, Rudy",1,0,5000.0,72486.0,0.0,0.0,0.0,77486.0,0.0,0.0,0.0,0.0,0.0,0.0,1,0
Z000018,"Zinke, Ryan K.",0,0,0.0,16650.0,0.0,0.0,0.0,16650.0,0.0,0.0,0.0,0.0,0.0,0.0,1,0
